"","Ivory Coast, 1987","Iran, 1996","Bangladesh, 2008"
"15-19",0.167962,0.0525305142326283,0.0910778158486293
"20-24",0.278520999999999,0.148257843527624,0.155898964065221
"25-29",0.287699999999999,0.153209257111848,0.11945818453914
"30-34",0.263450999999999,0.111719826044041,0.0694546777987163
"35-39",0.20139,0.0663034117887454,0.0327725686068995
"40-44",0.128917,0.0292531791067941,0.0108115690249565
"45-49",0.0420589999999999,0.00785396637497585,0.00308901972141615
