"","Ivory Coast, 1987","Iran, 1996","Bangladesh, 2008"
"15-19",525178.850982358,3534577.64468578,7643230.02282465
"20-24",430152.97067756,2696531.0463264,7257429.65678759
"25-29",357809.234309336,2274439.71858335,6776368.56479207
"30-34",297610.952133304,1997685.70387064,5793446.48639652
"35-39",254074.648240051,1699888.48175127,4934645.74738268
"40-44",221935.518504988,1458761.01241955,4423923.09657092
"45-49",187640.03376016,1049054.40177463,3339908.58017669
